uid,username,passwordHash,email,previllage,api_key
0,admin,21232f297a57a5a743894a0e4a801fc3,admin@fec.edu.com,9,admin123
2,SYSTEM,202cb962ac59075b964b07152d234b70,SYSTEM,9,syskey1245
1,principal,5f4dcc3b5aa765d61d8327deb882cf99,principal@fec.edu.com,999999,principal123
101,teacher,5f4dcc3b5aa765d61d8327deb882cf99,Patricia Halford,3,Patricia123
1001,Ratul,c918f24cb99ddbdbf84d427cc5d65690,ratul840@fec.edu.com,1,student123
1002,James Kruger,,lynnmcculough@fec.edu.com,1,student123
1003,Jorge Allen,,dennishodak@fec.edu.com,1,student123
1004,Gordon Kubis,,dannegron@fec.edu.com,1,student123
1005,John Jones,,sharonjamison@fec.edu.com,1,student123
1006,Ricky Russell,,jennyharrison@fec.edu.com,1,student123
1007,Matthew Melara,,bettyberumen@fec.edu.com,1,student123
1008,Darwin Mcwilliams,,rodneyhirsch@fec.edu.com,1,student123
1009,Austin Velo,,elwoodeverhart@fec.edu.com,1,student123
1010,Charles Griffin,,jamessarvas@fec.edu.com,1,student123
1011,Gwen Currin,,joycetaylor@fec.edu.com,1,student123
1012,Bobby Henry,,gaylacloud@fec.edu.com,1,student123
1013,Charles Vest,,bettyyork@fec.edu.com,1,student123
1014,Kimberly Spaulding,,loribunnell@fec.edu.com,1,student123
1015,Paul Mcneill,,erinpadilla@fec.edu.com,1,student123
1016,Terry Nixon,,esmeraldasmith@fec.edu.com,1,student123
1017,Bill Rosebrough,,pamelahunter@fec.edu.com,1,student123
1018,Kenneth Kaneta,,homerclanton@fec.edu.com,1,student123
1019,Randy Perez,,armandograves@fec.edu.com,1,student123
1020,Susan Podolsky,,lewistuplano@fec.edu.com,1,student123
1021,Jeffrey Maddox,,nicolezimmerman@fec.edu.com,1,student123
1022,Violet Delapp,,robertdobies@fec.edu.com,1,student123
1023,David Green,,geraldnelson@fec.edu.com,1,student123
1024,David Atkinson,,darlagarcia@fec.edu.com,1,student123
1025,Annette Reynolds,,jessiehenderson@fec.edu.com,1,student123
1026,Timothy Gallipeau,,barbararuiz@fec.edu.com,1,student123
1027,Stephen Harris,,robertwheeler@fec.edu.com,1,student123
1028,Joseph Reyes,,annahaller@fec.edu.com,1,student123
1029,Mable Lopez,,shariwhite@fec.edu.com,1,student123
1030,Patrick Reynolds,,melvinmcbroom@fec.edu.com,1,student123
1031,Emmanuel Keen,,leonelhouston@fec.edu.com,1,student123
1032,Anthony Seiber,,megancooper@fec.edu.com,1,student123
1033,Joseph Brown,,ryanbrogan@fec.edu.com,1,student123
1034,Mark Wheelis,,luishogue@fec.edu.com,1,student123
1035,Beatrice Spence,,saulmarshall@fec.edu.com,1,student123
1036,Harry Smith,,thaddeusphillips@fec.edu.com,1,student123
1037,Mary Cornett,,wandasartori@fec.edu.com,1,student123
1038,Emma Muresan,,margaretoliver@fec.edu.com,1,student123
1039,John Dorey,,jamesbrowder@fec.edu.com,1,student123
1040,Jose Freeman,,joannbrewer@fec.edu.com,1,student123
1041,Donna Wilcoxen,,markbradley@fec.edu.com,1,student123
1042,Louise Whited,,patricagrosvenor@fec.edu.com,1,student123
1043,Ellis Mendoza,,laurencemceachern@fec.edu.com,1,student123
1044,Lashonda Carter,,steviefinch@fec.edu.com,1,student123
1045,Pauline Delgado,,jonathanyoung@fec.edu.com,1,student123
1046,Melvin Gardner,,margiebosch@fec.edu.com,1,student123
1047,Bill Lindsay,,clarencehopfensperger@fec.edu.com,1,student123
1048,Gayle Fincher,,murielyoung@fec.edu.com,1,student123
1049,Richard Thomas,,genesrour@fec.edu.com,1,student123
1050,Cassandra Widmer,,evelynmerritt@fec.edu.com,1,student123
1051,Stephen Simpson,,scotashton@fec.edu.com,1,student123
1052,Judy Kincaid,,susanbriggs@fec.edu.com,1,student123
1053,Shirley Mcfadden,,javierharder@fec.edu.com,1,student123
1054,Della Hughes,,williamromine@fec.edu.com,1,student123
1055,Jaime Corbett,,terrywilliams@fec.edu.com,1,student123
1056,Yvonne Szala,,tonybushnell@fec.edu.com,1,student123
1057,Peggy Hartshorn,,jodilowe@fec.edu.com,1,student123
1058,John Dehart,,normasalisbury@fec.edu.com,1,student123
1059,Kathleen Mahoney,,jesscorbo@fec.edu.com,1,student123
1060,Fred Woodworth,,gloriahaug@fec.edu.com,1,student123
1061,James Breaux,,jaclynscrivens@fec.edu.com,1,student123
1062,Gerard Buhmann,,eileendoyle@fec.edu.com,1,student123
1063,Carol Dyce,,albertsantana@fec.edu.com,1,student123
1064,Joel Burgos,,jerrydelgado@fec.edu.com,1,student123
1065,Rory Harris,,kevinvant@fec.edu.com,1,student123
1066,James Williamson,,ednasantiago@fec.edu.com,1,student123
1067,William Pal,,heididoucette@fec.edu.com,1,student123
1068,Cameron Paulus,,alissawilkowitz@fec.edu.com,1,student123
1069,Julie Bell,,beatricecherry@fec.edu.com,1,student123
1070,Arthur Pokswinski,,pamelatorres@fec.edu.com,1,student123
1071,Jo Gray,,shariamerman@fec.edu.com,1,student123
1072,Stephen Flickner,,andrewhams@fec.edu.com,1,student123
1073,Tracy Harris,,davidrogers@fec.edu.com,1,student123
1074,Lynda Burt,,sandrabarrett@fec.edu.com,1,student123
1075,James Littlefield,,heathertheall@fec.edu.com,1,student123
1076,Dennis Dragon,,lindacavicchia@fec.edu.com,1,student123
1077,Charles Steger,,elainewieland@fec.edu.com,1,student123
1078,Timothy Connors,,kevinott@fec.edu.com,1,student123
1079,Jeanne Rayome,,davidfisher@fec.edu.com,1,student123
1080,Donald Ruff,,luisdelarosa@fec.edu.com,1,student123
1081,Rebekah Mills,,johnnyalcantar@fec.edu.com,1,student123
1082,Jay Salyer,,arturoosorno@fec.edu.com,1,student123
1083,Ruben Price,,andrewcaspari@fec.edu.com,1,student123
1084,Leah Evans,,rebeccarae@fec.edu.com,1,student123
1085,Brian Roth,,elmergilbert@fec.edu.com,1,student123
1086,Jerry Christie,,graceholbrook@fec.edu.com,1,student123
1087,Nichole Mcguinn,,cornellirvin@fec.edu.com,1,student123
1088,Rhonda Medina,,patrickmanlangit@fec.edu.com,1,student123
1089,Tina Jordan,,jamesgarcia@fec.edu.com,1,student123
1090,Jessica Chard,,carlosheyde@fec.edu.com,1,student123
1091,John Mclaughlin,,michelehermosillo@fec.edu.com,1,student123
1092,Mark White,,gregoryharris@fec.edu.com,1,student123
1093,John Welch,,andrewracine@fec.edu.com,1,student123
1094,Wilton Parks,,williamclay@fec.edu.com,1,student123
1095,Fern Duhl,,randygriffith@fec.edu.com,1,student123
1096,Arthur Holsten,,michaelwalker@fec.edu.com,1,student123
1097,Devon Ford,,susangunderson@fec.edu.com,1,student123
1098,Frederick Saddler,,johnmcelderry@fec.edu.com,1,student123
1099,Karly Downing,,fernandomanning@fec.edu.com,1,student123
1100,Charles Blain,,earldanielson@fec.edu.com,1,student123
1101,Lewis Lovell,,geraldinepoage@fec.edu.com,1,student123
1102,Wanda Tibbets,,gertrudeselman@fec.edu.com,1,student123
1103,Judy Norberg,,coreyflicker@fec.edu.com,1,student123
1104,Emily Jefferson,,sharoncollins@fec.edu.com,1,student123
1105,Travis Hernandez,,annanistler@fec.edu.com,1,student123
1106,Bart Parsons,,wandagalbo@fec.edu.com,1,student123
1107,James Horan,,donruff@fec.edu.com,1,student123
1108,Billy Pruitt,,tracygoodwin@fec.edu.com,1,student123
1109,Sara Wade,,paulbarron@fec.edu.com,1,student123
1110,Jimmy Hollinger,,calvinparry@fec.edu.com,1,student123
1111,George Mccollum,,carolmurillo@fec.edu.com,1,student123
1112,Denise Teed,,hollyminyard@fec.edu.com,1,student123
1113,John Libby,,gregorykanish@fec.edu.com,1,student123
1114,Jesse Fite,,addienolen@fec.edu.com,1,student123
1115,David Bradbury,,lawrencejones@fec.edu.com,1,student123
1116,Corrine Gravette,,amandaparnell@fec.edu.com,1,student123
1117,Della Osborne,,veratrotter@fec.edu.com,1,student123
1118,Matthew Leber,,elizabethcifelli@fec.edu.com,1,student123
1119,Noelle Smiley,,randolphsandidge@fec.edu.com,1,student123
1120,Jesse Pfeil,,ellenwhelan@fec.edu.com,1,student123
1121,Wesley Butler,,arnulfogarret@fec.edu.com,1,student123
1122,Deborah Simpson,,dannywayland@fec.edu.com,1,student123
1123,Sharon Hoffman,,lindabynoe@fec.edu.com,1,student123
1124,Elizabeth Sills,,catherinewilkins@fec.edu.com,1,student123
1125,Hector Massimino,,gladysmontero@fec.edu.com,1,student123
1126,Cynthia Sova,,dianabray@fec.edu.com,1,student123
1127,Hattie Donnellan,,ellairwin@fec.edu.com,1,student123
1128,John Wallis,,joansmith@fec.edu.com,1,student123
1129,Albert Benitez,,traceykrueger@fec.edu.com,1,student123
1130,Vickie Costa,,sarahdecker@fec.edu.com,1,student123
1131,John Yeh,,francisrodrigue@fec.edu.com,1,student123
1132,Denise Ross,,pauljohnson@fec.edu.com,1,student123
1133,Luke Holleran,,bernicebagley@fec.edu.com,1,student123
1134,Frank Mulkey,,lisawilcox@fec.edu.com,1,student123
1135,Shirley Longway,,sheilaroberts@fec.edu.com,1,student123
1136,Wilma Smith,,harryevanoff@fec.edu.com,1,student123
1137,Stacey Nunez,,edwindejesus@fec.edu.com,1,student123
1138,Cory Estrada,,laurablackwell@fec.edu.com,1,student123
1139,Mamie Mclarney,,allegraferraro@fec.edu.com,1,student123
1140,Christopher Aragon,,felisareynolds@fec.edu.com,1,student123
1141,Edward Jason,,robertwinters@fec.edu.com,1,student123
1142,Harold Jensen,,tarahdwyer@fec.edu.com,1,student123
1143,Raymond Erb,,michaelmarashio@fec.edu.com,1,student123
1144,Michael Quintana,,lawrencegamble@fec.edu.com,1,student123
1145,Elizabeth Mcleod,,cindyhood@fec.edu.com,1,student123
1146,Robert Andrada,,harrymiraglia@fec.edu.com,1,student123
1147,Beverly Grassi,,nancylauffer@fec.edu.com,1,student123
1148,Renea Smith,,brookespence@fec.edu.com,1,student123
1149,Michael Hall,,mosesroderick@fec.edu.com,1,student123
1150,Shirley Biagioni,,carmenchapman@fec.edu.com,1,student123
1151,Mike Capizzi,,georgeng@fec.edu.com,1,student123
1152,Steven Clausen,,bobbiesimmons@fec.edu.com,1,student123
1153,Charlene Aumick,,evalynbernhardt@fec.edu.com,1,student123
1154,Jody Slayton,,carrieshelnutt@fec.edu.com,1,student123
1155,Robert Denes,,oscarjohnson@fec.edu.com,1,student123
1156,Mark Devoe,,donaldmoore@fec.edu.com,1,student123
1157,Beulah Collins,,daviddickson@fec.edu.com,1,student123
1158,Stephen Yang,,lenabaker@fec.edu.com,1,student123
1159,Enrique Adams,,shannondean@fec.edu.com,1,student123
1160,Arthur Lee,,christyhelstrom@fec.edu.com,1,student123
1161,Jeffie Adams,,hubertjoyner@fec.edu.com,1,student123
1162,James Ludwick,,nolaterry@fec.edu.com,1,student123
1163,Lori Rybij,,mattfarris@fec.edu.com,1,student123
1164,Tony Purtle,,jacobcordova@fec.edu.com,1,student123
1165,Mary Reavis,,jeffreycross@fec.edu.com,1,student123
1166,Fred Moore,,anthonyirish@fec.edu.com,1,student123
1167,Donald Wadding,,debbylundsten@fec.edu.com,1,student123
1168,Mark Trevino,,lesterwilson@fec.edu.com,1,student123
1169,Ashley Hoyt,,ilselawhorn@fec.edu.com,1,student123
1170,Theresa Washington,,nancywingard@fec.edu.com,1,student123
1171,Stephen Borkowski,,terrymuckle@fec.edu.com,1,student123
1172,Elizabeth Balmos,,donniehayes@fec.edu.com,1,student123
1173,Gladys Sutton,,lymancarey@fec.edu.com,1,student123
1174,Leila Curry,,stevenhurst@fec.edu.com,1,student123
1175,Dorothy Roberts,,malcolmblythe@fec.edu.com,1,student123
1176,Claire Vaughn,,mariagreen@fec.edu.com,1,student123
1177,Brandon Caserta,,lynnettehintz@fec.edu.com,1,student123
1178,Kim Newman,,almariebau@fec.edu.com,1,student123
1179,John Sullivan,,michaelanderson@fec.edu.com,1,student123
1180,Christopher Paulson,,deborahbertolini@fec.edu.com,1,student123
1181,Trina Murphy,,pauletterodriguez@fec.edu.com,1,student123
1182,Sandra Mcnally,,roberthurst@fec.edu.com,1,student123
1183,Mary Donato,,charlesrodriquez@fec.edu.com,1,student123
1184,Betty Foster,,jessicasowell@fec.edu.com,1,student123
1185,Jane Christian,,markharrington@fec.edu.com,1,student123
1186,Devon Gladstone,,jasonlooper@fec.edu.com,1,student123
1187,Jeremy Mchargue,,denicemikeska@fec.edu.com,1,student123
1188,Shannon Disla,,patriciaharvey@fec.edu.com,1,student123
1189,James Richards,,roxannechavez@fec.edu.com,1,student123
1190,James Harkin,,victorashmore@fec.edu.com,1,student123
1191,Lucy Nery,,normanvoelker@fec.edu.com,1,student123
1192,Edward Johnson,,saramcelroy@fec.edu.com,1,student123
1193,Charlotte Kester,,raymondyoung@fec.edu.com,1,student123
1194,Elsie Hillsman,,jeffreyhaid@fec.edu.com,1,student123
1195,Rachel Volkert,,josephputman@fec.edu.com,1,student123
1196,Richard Hill,,franciscofitzpatrick@fec.edu.com,1,student123
1197,Bonnie Gilstad,,davidtutas@fec.edu.com,1,student123
1198,James Fraser,,garyvalenzuela@fec.edu.com,1,student123
1199,Rose Sanderson,,sammygilliard@fec.edu.com,1,student123
1200,Edith White,,carlosalford@fec.edu.com,1,student123
1201,Shawn Chen,,karenwhitmore@fec.edu.com,1,student123
1202,Annette Lee,,seanbarnes@fec.edu.com,1,student123
1203,Salvador Boyd,,kerrymanganaro@fec.edu.com,1,student123
1204,Harry Cabrales,,garlandgarner@fec.edu.com,1,student123
1205,Louis Keister,,aimeecagle@fec.edu.com,1,student123
1206,Hannah Grant,,saramosier@fec.edu.com,1,student123
1207,Georgia Lyle,,samuellayton@fec.edu.com,1,student123
1208,Larry Speis,,arnoldhendricks@fec.edu.com,1,student123
1209,David Tooms,,tylerlewis@fec.edu.com,1,student123
1210,Wayne Thomas,,garyjeter@fec.edu.com,1,student123
1211,Charles Turner,,annettamorgan@fec.edu.com,1,student123
1212,Ruby Labranche,,ronaldmcclendon@fec.edu.com,1,student123
1213,Anthony Rodriquez,,nancyhart@fec.edu.com,1,student123
1214,Mary Larson,,cathypreston@fec.edu.com,1,student123
1215,Daniel Thong,,willierobinson@fec.edu.com,1,student123
1216,John Blackmore,,jameslong@fec.edu.com,1,student123
1217,Harriet Key,,samuelcontos@fec.edu.com,1,student123
1218,Christy Byler,,sharonbumgarner@fec.edu.com,1,student123
1219,Jennifer Jones,,stevenellis@fec.edu.com,1,student123
1220,Sarah Thompson,,lillianwhite@fec.edu.com,1,student123
1221,Vicente Hedgespeth,,curtishoward@fec.edu.com,1,student123
1222,Matthew Delaune,,christinasotelo@fec.edu.com,1,student123
1223,Robert Prather,,henrywebster@fec.edu.com,1,student123
1224,Wendy Seacat,,michaelmosteller@fec.edu.com,1,student123
1225,Tressa Womack,,dustinmcmullin@fec.edu.com,1,student123
1226,Frank Harper,,curtislong@fec.edu.com,1,student123
1227,Rachel Butler,,williamgreely@fec.edu.com,1,student123
1228,Emmie Richardson,,scottpuccio@fec.edu.com,1,student123
1229,Ann Leddy,,marshamartin@fec.edu.com,1,student123
1230,Michael Jessen,,edwardortega@fec.edu.com,1,student123
1231,Carrie Williams,,williamglenn@fec.edu.com,1,student123
1232,Douglas Quillen,,dawnstromain@fec.edu.com,1,student123
1233,Robert Rapp,,marilynhaight@fec.edu.com,1,student123
1234,Carlos Whitcher,,ruperthayes@fec.edu.com,1,student123
1235,Leslie Shipley,,virginiabryant@fec.edu.com,1,student123
1236,Antonio Camps,,garypopielarczyk@fec.edu.com,1,student123
1237,Beatrice Parker,,patrickshore@fec.edu.com,1,student123
1238,John Long,,lauravandyke@fec.edu.com,1,student123
1239,Ayana Murtagh,,tiffanyorbin@fec.edu.com,1,student123
1240,Angela Maples,,carmenjones@fec.edu.com,1,student123
1241,Mary Warner,,ronaldhall@fec.edu.com,1,student123
1242,Kenneth Spencer,,natashabailey@fec.edu.com,1,student123
1243,Dolores Bradley,,albertmontgomery@fec.edu.com,1,student123
1244,Lindsay Poe,,barbaracurtis@fec.edu.com,1,student123
1245,Erik Kearns,,christopherlane@fec.edu.com,1,student123
1246,Robert Barnett,,terrykelly@fec.edu.com,1,student123
1247,Kimberly Moses,,rosecobine@fec.edu.com,1,student123
1248,Christopher Lubrano,,shermanramer@fec.edu.com,1,student123
1249,Garry Jones,,spencereastwood@fec.edu.com,1,student123
1250,Donna Stinson,,erinnharris@fec.edu.com,1,student123
1251,Clayton Otano,,lonistauffer@fec.edu.com,1,student123
1252,Terrie Sullivan,,christinestanley@fec.edu.com,1,student123
1253,Tiffany Hebert,,ambercombs@fec.edu.com,1,student123
1254,Kelly Thornton,,kathrynwarren@fec.edu.com,1,student123
1255,Nora Ayala,,sheilathomas@fec.edu.com,1,student123
1256,Eustolia Bontrager,,lamarjackson@fec.edu.com,1,student123
1257,Vera Jastrebski,,darrylhicks@fec.edu.com,1,student123
1258,Eula Husar,,mikesweat@fec.edu.com,1,student123
1259,Jimmy Voller,,troywaszkiewicz@fec.edu.com,1,student123
1260,Anthony Dix,,shannonlowden@fec.edu.com,1,student123
1261,Cecil Grace,,irvingmontgomery@fec.edu.com,1,student123
1262,Cheryl Islas,,guadalupeproctor@fec.edu.com,1,student123
1263,James Estrada,,jamesjenkins@fec.edu.com,1,student123
1264,Nicholas Cassidy,,thomasgrissom@fec.edu.com,1,student123
1265,Paul Small,,valeriemcmillion@fec.edu.com,1,student123
1266,Michael Boyd,,richardmoore@fec.edu.com,1,student123
1267,Mario Cox,,crystalprzedwiecki@fec.edu.com,1,student123
1268,Nancy Hite,,ernestreeves@fec.edu.com,1,student123
1269,Scott Soto,,shellywilson@fec.edu.com,1,student123
1270,Travis Durie,,allenallison@fec.edu.com,1,student123
1271,Marcelino Osborne,,billdivine@fec.edu.com,1,student123
1272,Adam Slater,,henryleger@fec.edu.com,1,student123
1273,Gladys Harris,,lawrencespurlock@fec.edu.com,1,student123
1274,Charles Ricks,,leroypotter@fec.edu.com,1,student123
1275,Robert Eiben,,monicagabriel@fec.edu.com,1,student123
1276,Damian Adams,,monicabracy@fec.edu.com,1,student123
1277,Patricia Stuckey,,jasminebuell@fec.edu.com,1,student123
1278,Brianna Castillo,,ashleymengel@fec.edu.com,1,student123
1279,Jennette Read,,helenortega@fec.edu.com,1,student123
1280,Gail Soria,,jillreed@fec.edu.com,1,student123
1281,Larry Mathews,,pamelawaters@fec.edu.com,1,student123
1282,Victor Waston,,violetdixon@fec.edu.com,1,student123
1283,George Brannen,,patriciadavis@fec.edu.com,1,student123
1284,Arlene Greenfield,,gregorymarino@fec.edu.com,1,student123
1285,Patricia Martin,,craigperez@fec.edu.com,1,student123
1286,Melissa Colyer,,williewright@fec.edu.com,1,student123
1287,Rosemary Garrison,,melissacox@fec.edu.com,1,student123
1288,Herman Washington,,michellerackham@fec.edu.com,1,student123
1289,Jose Hunter,,tonybaird@fec.edu.com,1,student123
1290,Edna Sims,,christaylor@fec.edu.com,1,student123
1291,Robert Greenwood,,evelynnewberry@fec.edu.com,1,student123
1292,Michael Shisler,,kendracoley@fec.edu.com,1,student123
1293,Steven Valdez,,timothyfields@fec.edu.com,1,student123
1294,Ronald Johnson,,jacoblambert@fec.edu.com,1,student123
1295,Son Zietlow,,lauranagy@fec.edu.com,1,student123
1296,Gabriel Tong,,valeriebade@fec.edu.com,1,student123
1297,Yolanda Snyder,,sheliarothrock@fec.edu.com,1,student123
1298,Chad Boatwright,,mariagagne@fec.edu.com,1,student123
1299,George Davis,,davidheavner@fec.edu.com,1,student123
1300,Sue Finn,,eleanorpollara@fec.edu.com,1,student123
1301,Ricky Hauck,,brendaegland@fec.edu.com,1,student123
1302,Laura Beatty,,lowellcass@fec.edu.com,1,student123
1303,Dorothy Adams,,joansmith@fec.edu.com,1,student123
1304,Barbara Burleson,,kennethmoss@fec.edu.com,1,student123
1305,Effie Pirtle,,ruthcutright@fec.edu.com,1,student123
1306,Jeanne George,,donaldknight@fec.edu.com,1,student123
1307,Timothy Willett,,bethanycheatham@fec.edu.com,1,student123
1308,Velma Hilchey,,tomjones@fec.edu.com,1,student123
1309,Cindy Dicks,,alvinhayes@fec.edu.com,1,student123
1310,Elaina Ingram,,billyharris@fec.edu.com,1,student123
1311,Jolie Tindall,,richardbrinkman@fec.edu.com,1,student123
1312,Claudette Purnell,,raymondpope@fec.edu.com,1,student123
1313,Lucas Brouillard,,robertjohnson@fec.edu.com,1,student123
1314,Kathleen Foody,,johndion@fec.edu.com,1,student123
1315,Aleen Montford,,bettygordon@fec.edu.com,1,student123
1316,Leroy Stokes,,robertcassidy@fec.edu.com,1,student123
1317,Ralph Veloz,,tonyavasquez@fec.edu.com,1,student123
1318,Doris Madera,,tracymiller@fec.edu.com,1,student123
1319,Keith Walz,,charlieanderson@fec.edu.com,1,student123
1320,Daniel Anderson,,lararogers@fec.edu.com,1,student123
1321,Karla Mayes,,herminiaguyton@fec.edu.com,1,student123
1322,Jeffrey Olson,,barbarahaworth@fec.edu.com,1,student123
1323,Russel Milligan,,thomashale@fec.edu.com,1,student123
1324,Aida Border,,joedunlap@fec.edu.com,1,student123
1325,Juan Crosson,,joanbristle@fec.edu.com,1,student123
1326,Jacob Ambres,,kennethsteward@fec.edu.com,1,student123
1327,Victor Torres,,frankharms@fec.edu.com,1,student123
1328,Susan Conklin,,shawnmurphy@fec.edu.com,1,student123
1329,Janet Bahr,,chadpiraino@fec.edu.com,1,student123
1330,Jessica Savarese,,kennethhaynes@fec.edu.com,1,student123
1331,Shelia Booker,,williamguerra@fec.edu.com,1,student123
1332,Roxanna Bolton,,johnmehling@fec.edu.com,1,student123
1333,Francisco Hardy,,ellenpesqueira@fec.edu.com,1,student123
1334,John Hirt,,catherinemiller@fec.edu.com,1,student123
1335,William Canty,,robinhubbard@fec.edu.com,1,student123
1336,Simone Hamm,,jacqueshort@fec.edu.com,1,student123
1337,Manuel Welling,,julieleblanc@fec.edu.com,1,student123
1338,Henry Sutton,,myrnagarcia@fec.edu.com,1,student123
1339,Mary Rainey,,jesserylee@fec.edu.com,1,student123
1340,Robert Stinson,,berthamartinez@fec.edu.com,1,student123
1341,Kristen Richey,,jenniferandres@fec.edu.com,1,student123
1342,Shannon Ingram,,ellawilliams@fec.edu.com,1,student123
1343,Ryan Hart,,henrygoslee@fec.edu.com,1,student123
1344,Gladys Durham,,lisabrown@fec.edu.com,1,student123
1345,Violeta Tate,,fanniemedrano@fec.edu.com,1,student123
1346,Marie Sullivan,,mariemccrary@fec.edu.com,1,student123
1347,Derrick Johnson,,edwardloring@fec.edu.com,1,student123
1348,Robert Coleman,,alfredmartin@fec.edu.com,1,student123
1349,Gail Browning,,juliebeasley@fec.edu.com,1,student123
1350,Helen Clark,,arthurostrom@fec.edu.com,1,student123
1351,Marie Sands,,teresaolson@fec.edu.com,1,student123
1352,Paul Holden,,kaysampson@fec.edu.com,1,student123
1353,Maureen Hill,,christopherredden@fec.edu.com,1,student123
1354,Terence Hoyle,,garysharp@fec.edu.com,1,student123
1355,Henry Barr,,ashleycollins@fec.edu.com,1,student123
1356,Jane Amezcua,,jessicamitchell@fec.edu.com,1,student123
1357,Michael Guarnieri,,susangonzalez@fec.edu.com,1,student123
1358,Kelly Quinlan,,kristinapike@fec.edu.com,1,student123
1359,Jose Lee,,terrigreen@fec.edu.com,1,student123
1360,Jeff Carrick,,davidchandler@fec.edu.com,1,student123
1361,Nathaniel Engel,,earlbrownie@fec.edu.com,1,student123
1362,Kathleen Faulk,,wesleymilton@fec.edu.com,1,student123
1363,Patricia Huett,,luisbullock@fec.edu.com,1,student123
1364,Tara Childers,,virginiabard@fec.edu.com,1,student123
1365,Betty Dodson,,kayroeger@fec.edu.com,1,student123
1366,Reginald Harvey,,dianaarias@fec.edu.com,1,student123
1367,Amy Dominguez,,violetweidert@fec.edu.com,1,student123
1368,Denise Stultz,,albertkingston@fec.edu.com,1,student123
1369,Fredric Mitchell,,susansaulter@fec.edu.com,1,student123
1370,Lisa Davis,,hollisnoble@fec.edu.com,1,student123
1371,Michael Ruff,,michaelnez@fec.edu.com,1,student123
1372,Yvonne Steveson,,robertdonahue@fec.edu.com,1,student123
1373,Julie Rice,,aletagillespie@fec.edu.com,1,student123
1374,Mathew Mccullin,,paulniebuhr@fec.edu.com,1,student123
1375,Juanita Hammack,,donnaramon@fec.edu.com,1,student123
1376,Jessica Auten,,ritacampbell@fec.edu.com,1,student123
1377,David Martin,,josephchism@fec.edu.com,1,student123
1378,George Barrett,,britneybailey@fec.edu.com,1,student123
1379,Catherine Placha,,maryleehayes@fec.edu.com,1,student123
1380,Jose Hill,,ericapetrin@fec.edu.com,1,student123
1381,Emerald Hildebrandt,,charlesharris@fec.edu.com,1,student123
1382,Rose Miller,,paulrickard@fec.edu.com,1,student123
1383,Ruby Frazier,,ruthhaaby@fec.edu.com,1,student123
1384,Denise Boykin,,bookerfundora@fec.edu.com,1,student123
1385,Jason Anderson,,cynthiameade@fec.edu.com,1,student123
1386,Norman Griffis,,karenfontenot@fec.edu.com,1,student123
1387,George Ayala,,jewelanderson@fec.edu.com,1,student123
1388,Lois Delvalle,,normafuller@fec.edu.com,1,student123
1389,Shirley Stuemke,,beverlythompson@fec.edu.com,1,student123
1390,Mary Spachtholz,,thomaswilliamston@fec.edu.com,1,student123
1391,Claudette Mitchell,,thomaswright@fec.edu.com,1,student123
1392,Ian Stuckey,,russelladams@fec.edu.com,1,student123
1393,Mark Bruce,,johnreed@fec.edu.com,1,student123
1394,Albert Hicks,,danielmiller@fec.edu.com,1,student123
1395,Rick Echavarria,,hectorgray@fec.edu.com,1,student123
1396,Chad Deyoung,,adammcclay@fec.edu.com,1,student123
1397,Susan Ramsey,,andyandersen@fec.edu.com,1,student123
1398,Elizabeth Greer,,jasonbryan@fec.edu.com,1,student123
1399,Frieda Parson,,salvadorlamke@fec.edu.com,1,student123
1400,Hui Myers,,caroldelatorre@fec.edu.com,1,student123
1401,Samantha Cobb,,alfredradin@fec.edu.com,1,student123
1402,Robert Beaulieu,,loriketterman@fec.edu.com,1,student123
1403,Scott Potts,,lindajohnson@fec.edu.com,1,student123
1404,Dave Tompkins,,israeladams@fec.edu.com,1,student123
1405,Ann Robinett,,ambersoto@fec.edu.com,1,student123
1406,Catherine Valentine,,nicholasmccreary@fec.edu.com,1,student123
1407,Ismael Roy,,jocelynpeck@fec.edu.com,1,student123
1408,Cortney Norgaard,,nathanielbailey@fec.edu.com,1,student123
1409,Timothy Payton,,cherylhuff@fec.edu.com,1,student123
1410,Bethany Nicols,,alvinperdomo@fec.edu.com,1,student123
1411,Lois Ruff,,patrickwinner@fec.edu.com,1,student123
1412,Ronald Bailey,,karenrobin@fec.edu.com,1,student123
1413,Mary Clark,,ericbrooks@fec.edu.com,1,student123
1414,Arthur Carpenter,,nicholaswagstaff@fec.edu.com,1,student123
1415,Rodolfo Groves,,aprilcoley@fec.edu.com,1,student123
1416,Mia Williams,,leonavillanueva@fec.edu.com,1,student123
1417,Lupe Stevens,,donaldgomez@fec.edu.com,1,student123
1418,Florence Marshall,,eddieferrier@fec.edu.com,1,student123
1419,Maggie Carvalho,,juliawashington@fec.edu.com,1,student123
1420,Laura Salinas,,sheilawalters@fec.edu.com,1,student123
1421,Simone Betts,,randysilvia@fec.edu.com,1,student123
1422,Angela Chambers,,christinecherry@fec.edu.com,1,student123
1423,Gladys Bertrand,,kurtbryant@fec.edu.com,1,student123
1424,Anne Edwards,,hubertjohnson@fec.edu.com,1,student123
1425,Miguelina Kuehn,,walterparker@fec.edu.com,1,student123
1426,Teresa Mayweather,,garymcdougle@fec.edu.com,1,student123
1427,Clayton Emery,,eduardogonzales@fec.edu.com,1,student123
1428,David Huang,,michellegates@fec.edu.com,1,student123
1429,Cecelia Hendren,,joshuapersons@fec.edu.com,1,student123
1430,Naomi Weakley,,johncessor@fec.edu.com,1,student123
1431,Mary Reynolds,,traceyharris@fec.edu.com,1,student123
1432,Loretta Fay,,marthabrugger@fec.edu.com,1,student123
1433,Christina Duncan,,alanaltamirano@fec.edu.com,1,student123
1434,Carol Havens,,jenniferpina@fec.edu.com,1,student123
1435,Leon Shearing,,tylermarcus@fec.edu.com,1,student123
1436,Eva Cohen,,jennieerb@fec.edu.com,1,student123
1437,Anthony Hutchins,,rogerjenkins@fec.edu.com,1,student123
1438,David Cacciotti,,brettmiller@fec.edu.com,1,student123
1439,Janel Norwood,,scottfloresca@fec.edu.com,1,student123
1440,Kellie Longstreet,,geraldinebrowning@fec.edu.com,1,student123
1441,Demetrius Welch,,gaynelleforet@fec.edu.com,1,student123
1442,Kylie Hernandez,,josephbullock@fec.edu.com,1,student123
1443,Theresa Conn,,charlescombs@fec.edu.com,1,student123
1444,Edward White,,meganhowell@fec.edu.com,1,student123
1445,Eva Bussen,,williamcartwright@fec.edu.com,1,student123
1446,Lee Anderson,,jacksonhenderson@fec.edu.com,1,student123
1447,Michael Robinette,,edwardowsley@fec.edu.com,1,student123
1448,Carson Tucker,,darrenbowers@fec.edu.com,1,student123
1449,John Wilcox,,kellieherman@fec.edu.com,1,student123
1450,Gary Mason,,santosbishop@fec.edu.com,1,student123
1451,Harry Kornegay,,katherinespera@fec.edu.com,1,student123
1452,Michael Parkhurst,,kathygooding@fec.edu.com,1,student123
1453,Polly Benson,,yvonnefender@fec.edu.com,1,student123
1454,Dana Howell,,carolewilson@fec.edu.com,1,student123
1455,Maria Corriveau,,jackieherrington@fec.edu.com,1,student123
1456,Scott Shotkoski,,williamminor@fec.edu.com,1,student123
1457,Dina Nowden,,robertgregory@fec.edu.com,1,student123
1458,Samuel Reyes,,dominiquedixon@fec.edu.com,1,student123
1459,Henry Goode,,calvinchong@fec.edu.com,1,student123
1460,Donald Gros,,lynnwatley@fec.edu.com,1,student123
1461,Felicia Cervone,,megdossett@fec.edu.com,1,student123
1462,Michael Park,,carltylwalk@fec.edu.com,1,student123
1463,Jonathan Burleson,,timothycrum@fec.edu.com,1,student123
1464,Valerie Vasquez,,williamflett@fec.edu.com,1,student123
1465,David Patrick,,jamesmiller@fec.edu.com,1,student123
1466,Herman Perkins,,michellebarrett@fec.edu.com,1,student123
1467,Leslie Mehserle,,kennethsantiago@fec.edu.com,1,student123
1468,Warren Marsh,,matthewborgman@fec.edu.com,1,student123
1469,James Graf,,opalfoster@fec.edu.com,1,student123
1470,Nancy Robertson,,jennifercameron@fec.edu.com,1,student123
1471,Orlando Conover,,dustinperez@fec.edu.com,1,student123
1472,Rene Williams,,gloriaaslam@fec.edu.com,1,student123
1473,Susan Wimberly,,williamclark@fec.edu.com,1,student123
1474,Jason Chandler,,cecilalonzo@fec.edu.com,1,student123
1475,Faye Weiss,,chanellstory@fec.edu.com,1,student123
1476,Eleanor Grundy,,davidnyhus@fec.edu.com,1,student123
1477,Sandra Kohl,,susanabecker@fec.edu.com,1,student123
1478,Francesca Thomas,,scottsylvester@fec.edu.com,1,student123
1479,Jillian James,,graceconkling@fec.edu.com,1,student123
1480,Reba Oakley,,jeanninepowell@fec.edu.com,1,student123
1481,Robert Miller,,benitashambo@fec.edu.com,1,student123
1482,Glen Ragland,,raymondlikens@fec.edu.com,1,student123
1483,Karen Houpe,,lorenwilliams@fec.edu.com,1,student123
1484,Amy Carpio,,jessicaeckles@fec.edu.com,1,student123
1485,Robert Chambers,,dorothyzolocsik@fec.edu.com,1,student123
1486,Laura Tran,,roseharr@fec.edu.com,1,student123
1487,Laura Hillin,,etheltimm@fec.edu.com,1,student123
1488,Stephanie Riendeau,,liliahaag@fec.edu.com,1,student123
1489,Harry Flores,,cleohuddleston@fec.edu.com,1,student123
1490,Kenny Scofield,,israelbaker@fec.edu.com,1,student123
1491,Velvet Barron,,catherinemcdaniel@fec.edu.com,1,student123
1492,Anthony Griffin,,brendamurray@fec.edu.com,1,student123
1493,Richard Evans,,shirleyball@fec.edu.com,1,student123
1494,Eugene Elliott,,irisgibson@fec.edu.com,1,student123
1495,Harry Troendle,,danielgrudem@fec.edu.com,1,student123
1496,Kathy Harris,,elsiejewett@fec.edu.com,1,student123
1497,William Vasquez,,jessieparrish@fec.edu.com,1,student123
1498,Elvira Sweat,,fredalorenzen@fec.edu.com,1,student123
1499,James Webb,,michaelblue@fec.edu.com,1,student123
1500,Mary Betts,,williamnadeau@fec.edu.com,1,student123
1501,David Bumgarner,,susanburnett@fec.edu.com,1,student123
1502,Jason Jones,,elbertdennis@fec.edu.com,1,student123
1503,James Inman,,ericlevine@fec.edu.com,1,student123
1504,Donna Williams,,williamfrazier@fec.edu.com,1,student123
1505,Rosalinda Rodriquez,,anthonycoker@fec.edu.com,1,student123
1506,Blaine Stewart,,lloydolson@fec.edu.com,1,student123
1507,Gayla Marsh,,jayneatkinson@fec.edu.com,1,student123
1508,Laura Ward,,andresgomez@fec.edu.com,1,student123
1509,Simon Mitchell,,waynemccullough@fec.edu.com,1,student123
1510,Margaret Beauregard,,robertrosso@fec.edu.com,1,student123
1511,Wallace Breitenbach,,fredsuzuki@fec.edu.com,1,student123
1512,Jack Thomas,,juanitacatholic@fec.edu.com,1,student123
1513,Shirley Kenney,,jeromenoel@fec.edu.com,1,student123
1514,Curtis Zullo,,joannehandy@fec.edu.com,1,student123
1515,David Cook,,roytennill@fec.edu.com,1,student123
1516,Krystyna Martinez,,reginayeh@fec.edu.com,1,student123
1517,Dorothy Suriel,,bradleypenner@fec.edu.com,1,student123
1518,Hugh Murray,,juniorabreu@fec.edu.com,1,student123
1519,Tony East,,debrabrown@fec.edu.com,1,student123
1520,Jacquline Rakel,,carolvogel@fec.edu.com,1,student123
1521,Carmel Thomas,,jeanscott@fec.edu.com,1,student123
1522,Thresa Vivian,,robertperry@fec.edu.com,1,student123
1523,Benjamin Baird,,gracecool@fec.edu.com,1,student123
1524,John Merrick,,mortondeal@fec.edu.com,1,student123
1525,Corinne Thurston,,herbertgoyco@fec.edu.com,1,student123
1526,Michele Bowers,,anthonyadams@fec.edu.com,1,student123
1527,Ashleigh Theisen,,feliciasalcedo@fec.edu.com,1,student123
1528,Joann Farley,,aprilscheetz@fec.edu.com,1,student123
1529,Elizabeth Ince,,elliotbrown@fec.edu.com,1,student123
1530,Keith Moore,,barbarabaine@fec.edu.com,1,student123
1531,Lia Weiss,,edwardbailey@fec.edu.com,1,student123
1532,Curtis Swiney,,sallychesson@fec.edu.com,1,student123
1533,Robert Dubois,,albertjones@fec.edu.com,1,student123
1534,Cristy Parker,,chesterhamilton@fec.edu.com,1,student123
1535,Ella Covarrubias,,gregdavis@fec.edu.com,1,student123
1536,Joseph Hipps,,johnslaff@fec.edu.com,1,student123
1537,Isaac Testani,,paulalietzke@fec.edu.com,1,student123
1538,Jerome Luce,,scottiehebner@fec.edu.com,1,student123
1539,Margot Rivera,,edisonnix@fec.edu.com,1,student123
1540,Henry Joseph,,johnmain@fec.edu.com,1,student123
1541,James Dudley,,nicholasanastasiades@fec.edu.com,1,student123
1542,Kera Pierce,,floydabbott@fec.edu.com,1,student123
1543,Florence Wink,,galekoch@fec.edu.com,1,student123
1544,Tara Berry,,dariustovar@fec.edu.com,1,student123
1545,Dale Terry,,jeromecook@fec.edu.com,1,student123
1546,Ruby Balke,,charleshutchison@fec.edu.com,1,student123
1547,Cynthia Ramos,,rickyjackson@fec.edu.com,1,student123
1548,Kimberly Benson,,florencenorris@fec.edu.com,1,student123
1549,Maria Benavidez,,marytorres@fec.edu.com,1,student123
1550,Francisco Shivers,,robertgannon@fec.edu.com,1,student123
1551,Pedro Moore,,tashamoyes@fec.edu.com,1,student123
1552,Joe Taylor,,virginiagroves@fec.edu.com,1,student123
1553,Charles Ragsdale,,timothybassett@fec.edu.com,1,student123
1554,Richard Medina,,nadinetran@fec.edu.com,1,student123
1555,Brian Guebert,,charlesnorton@fec.edu.com,1,student123
1556,Nick Mason,,williamqueen@fec.edu.com,1,student123
1557,Carol Scott,,reginareed@fec.edu.com,1,student123
1558,Sara Mahaffey,,williamcrisp@fec.edu.com,1,student123
1559,Charles Hammond,,marybooth@fec.edu.com,1,student123
1560,Alex Schwend,,charlessmith@fec.edu.com,1,student123
1561,Kathy Padilla,,deborahkruse@fec.edu.com,1,student123
1562,Sandra Salerno,,thomasmuldoon@fec.edu.com,1,student123
1563,Marva Strapp,,michaelbalkcom@fec.edu.com,1,student123
1564,Viola Munden,,jayrosso@fec.edu.com,1,student123
1565,Cassandra Chavez,,leonbox@fec.edu.com,1,student123
1566,David Love,,nevaswindell@fec.edu.com,1,student123
1567,Ruth Santiago,,marvinbrewer@fec.edu.com,1,student123
1568,Nelson Rushing,,nicolewashburn@fec.edu.com,1,student123
1569,Robert Hottle,,johnflores@fec.edu.com,1,student123
1570,Gerard Wallace,,lauracarter@fec.edu.com,1,student123
1571,John Thomason,,corasalvemini@fec.edu.com,1,student123
1572,Allen Hinojosa,,leeherrera@fec.edu.com,1,student123
1573,Daniel Gaskins,,jerrymcgrath@fec.edu.com,1,student123
1574,Patrick Lynch,,josephwoolever@fec.edu.com,1,student123
1575,Ann Ainsworth,,patriciadamron@fec.edu.com,1,student123
1576,Lonnie Simcox,,margaretwhalen@fec.edu.com,1,student123
1577,Hilda Borsellino,,russelljolly@fec.edu.com,1,student123
1578,Thomas Wozniak,,jonathanregister@fec.edu.com,1,student123
1579,Stanley Nielsen,,howardhasley@fec.edu.com,1,student123
1580,Theodore Claxton,,cynthiagaytan@fec.edu.com,1,student123
1581,Elaine Fitzsimmons,,peggydale@fec.edu.com,1,student123
1582,Irene Benton,,pamelasmith@fec.edu.com,1,student123
1583,Gail Ruiz,,janicetaylor@fec.edu.com,1,student123
1584,Christopher Miller,,kennethblackmon@fec.edu.com,1,student123
1585,Ruth Wells,,justinfont@fec.edu.com,1,student123
1586,Julie Garay,,jeffsunderland@fec.edu.com,1,student123
1587,Geneva Miscione,,vivianhubbs@fec.edu.com,1,student123
1588,Bruce Fee,,rubyshoji@fec.edu.com,1,student123
1589,James Oneill,,lawrencegibson@fec.edu.com,1,student123
1590,Kenneth Sylvester,,racheljackman@fec.edu.com,1,student123
1591,Tori Hill,,jessedouglas@fec.edu.com,1,student123
1592,Danielle Morales,,stephanielindholm@fec.edu.com,1,student123
1593,Travis Garrison,,sarahsheck@fec.edu.com,1,student123
1594,Coral Jeanpierre,,charlesdepaolo@fec.edu.com,1,student123
1595,Megan Dax,,wandadavis@fec.edu.com,1,student123
1596,Brian Witt,,williecardone@fec.edu.com,1,student123
1597,Vicki Norris,,donnasofia@fec.edu.com,1,student123
1598,Timothy Sanford,,erickgilliam@fec.edu.com,1,student123
1599,James Vasquez,,opalaversano@fec.edu.com,1,student123
1600,Bradley Lopez,,markpatterson@fec.edu.com,1,student123
1601,Jimmy Valdez,,codyrichard@fec.edu.com,1,student123
1602,Frances Pickerel,,johnoverfield@fec.edu.com,1,student123
1603,Dorothy Simmons,,michaelmorris@fec.edu.com,1,student123
1604,Dennis Gramc,,victoriareeder@fec.edu.com,1,student123
1605,Daniel Martin,,patricamason@fec.edu.com,1,student123
1606,Patricia Bender,,johnhughes@fec.edu.com,1,student123
1607,Nicole Thews,,marktravers@fec.edu.com,1,student123
1608,Mary Hurst,,kelliaguilar@fec.edu.com,1,student123
1609,Sherry Cornely,,easterbesse@fec.edu.com,1,student123
1610,Sharon Ziebarth,,robbiemartz@fec.edu.com,1,student123
1611,Eugene Potter,,allisonlewis@fec.edu.com,1,student123
1612,Georgia Pantoja,,edwardlosh@fec.edu.com,1,student123
1613,John Valladares,,stevenhilburn@fec.edu.com,1,student123
1614,Stanley Belflower,,gabrielesagen@fec.edu.com,1,student123
1615,Nancy Marie,,jesussnider@fec.edu.com,1,student123
1616,Carol Lara,,edwardrinkel@fec.edu.com,1,student123
1617,Kenneth Marton,,jefferyrogers@fec.edu.com,1,student123
1618,Vera Johnson,,helenorr@fec.edu.com,1,student123
1619,Gertrudis Vaughn,,idawillard@fec.edu.com,1,student123
1620,Joyce Belvins,,pierrefletcher@fec.edu.com,1,student123
1621,Janelle Redmond,,donaldward@fec.edu.com,1,student123
1622,Willie Jones,,emilewillis@fec.edu.com,1,student123
1623,Kenny Rancourt,,bettytucker@fec.edu.com,1,student123
1624,Terri Reid,,ianhumbert@fec.edu.com,1,student123
1625,Yvonne Degaetano,,kristimuzzarelli@fec.edu.com,1,student123
1626,Belinda Truax,,susanwyatt@fec.edu.com,1,student123
1627,Margaret Green,,corneliusrazo@fec.edu.com,1,student123
1628,Travis Crum,,rogeliorothenberg@fec.edu.com,1,student123
1629,Vivian Jackson,,mariefitzsimmons@fec.edu.com,1,student123
1630,Christina Burgess,,charlesgonzalez@fec.edu.com,1,student123
1631,Renee Pince,,beverlyrice@fec.edu.com,1,student123
1632,Mary Bates,,carolinekinzer@fec.edu.com,1,student123
1633,Kimberly Stachowiak,,carlmorgan@fec.edu.com,1,student123
1634,William Dutcher,,rebeccahamilton@fec.edu.com,1,student123
1635,Roy Crowley,,aaronaragon@fec.edu.com,1,student123
1636,Sharon Crawford,,barbarafindley@fec.edu.com,1,student123
1637,Thomas Wirkkala,,malissamorton@fec.edu.com,1,student123
1638,Renee Michel,,tamarareifsteck@fec.edu.com,1,student123
1639,Arthur Rushing,,lindahendon@fec.edu.com,1,student123
1640,Daniel Baggett,,dianalipkin@fec.edu.com,1,student123
1641,Luanne Trajillo,,heatherpatterson@fec.edu.com,1,student123
1642,Helen Acevedo,,derrickhernandez@fec.edu.com,1,student123
1643,Carrie Rowe,,kristycrawford@fec.edu.com,1,student123
1644,Laurice Grice,,jorgeharris@fec.edu.com,1,student123
1645,Timothy Coddington,,cameronschwartz@fec.edu.com,1,student123
1646,Alene Petersen,,vanessayoung@fec.edu.com,1,student123
1647,Shanell Wilks,,andrewoliver@fec.edu.com,1,student123
1648,Brenda Olney,,rubyhale@fec.edu.com,1,student123
1649,William Bennett,,jesuswiltberger@fec.edu.com,1,student123
1650,Mattie Gordon,,karlcaster@fec.edu.com,1,student123
1651,Maxine Watson,,carlyann@fec.edu.com,1,student123
1652,Maryam Dobson,,jeffhumiston@fec.edu.com,1,student123
1653,Allen Bellantoni,,johnperez@fec.edu.com,1,student123
1654,Charles Olmstead,,aubreysouthwell@fec.edu.com,1,student123
1655,Gregory Ulrich,,stanleyschlemmer@fec.edu.com,1,student123
1656,Michael Logan,,hildamckinley@fec.edu.com,1,student123
1657,William Mentz,,wendyjackson@fec.edu.com,1,student123
1658,William Luc,,monteponcedeleon@fec.edu.com,1,student123
1659,Tomas Rosen,,margaretcoles@fec.edu.com,1,student123
1660,Sheryl Magoon,,rogerleath@fec.edu.com,1,student123
1661,Calvin White,,johnmorehead@fec.edu.com,1,student123
1662,Louise Abbott,,melindagrisson@fec.edu.com,1,student123
1663,Alexander Williams,,angelaegersdorf@fec.edu.com,1,student123
1664,Jose Fleming,,tuanmacfarlane@fec.edu.com,1,student123
1665,Melissa Simms,,pamelaebert@fec.edu.com,1,student123
1666,Justin Kjellman,,rosemaryott@fec.edu.com,1,student123
1667,Thomas Davis,,marthapooley@fec.edu.com,1,student123
1668,Dorothy Vecker,,hiramcowan@fec.edu.com,1,student123
1669,Joshua Vowell,,keithmorgret@fec.edu.com,1,student123
1670,Ann Singh,,joyceliestman@fec.edu.com,1,student123
1671,Tyrone Anderson,,jeromebrophy@fec.edu.com,1,student123
1672,Ashley Worley,,lisahulsey@fec.edu.com,1,student123
1673,James Jarquin,,deniseguertin@fec.edu.com,1,student123
1674,George Fowler,,jasonbacon@fec.edu.com,1,student123
1675,Janice Mancuso,,paulinephomphithak@fec.edu.com,1,student123
1676,David Drinkard,,markburrows@fec.edu.com,1,student123
1677,James Womble,,nancydaniel@fec.edu.com,1,student123
1678,Maria Moreno,,randolphrennels@fec.edu.com,1,student123
1679,Milton Hillebrand,,shannonbrennan@fec.edu.com,1,student123
1680,Leta Hodgkins,,paulshell@fec.edu.com,1,student123
1681,Jean Ulberg,,michelleudo@fec.edu.com,1,student123
1682,Betty Gordon,,jamieburk@fec.edu.com,1,student123
1683,Susan Richardson,,stevenportales@fec.edu.com,1,student123
1684,Carlos Weston,,rogerelwick@fec.edu.com,1,student123
1685,Armando Crews,,alanleon@fec.edu.com,1,student123
1686,Hector King,,margarethill@fec.edu.com,1,student123
1687,Joni Weems,,robertblassingame@fec.edu.com,1,student123
1688,Jane Farr,,williamsheaffer@fec.edu.com,1,student123
1689,Magdalene Riddle,,valerieowen@fec.edu.com,1,student123
1690,Virgil Clay,,ronsmith@fec.edu.com,1,student123
1691,Joyce Sierra,,oscarrobinson@fec.edu.com,1,student123
1692,Mike Cernota,,russellthompson@fec.edu.com,1,student123
1693,Doris Carlson,,lynndearborn@fec.edu.com,1,student123
1694,Sandy Ballard,,oralohr@fec.edu.com,1,student123
1695,Dawn Rudolph,,peggycoronado@fec.edu.com,1,student123
1696,Troy Mclendon,,ramonallen@fec.edu.com,1,student123
1697,Theodore Boone,,kellyjones@fec.edu.com,1,student123
1698,Nichole Mcneely,,marywilliamson@fec.edu.com,1,student123
1699,Ed Seifert,,georgebuckingham@fec.edu.com,1,student123
1700,Janet Jordan,,lindainman@fec.edu.com,1,student123
1701,James Harding,,michaelthomas@fec.edu.com,1,student123
1702,Andrea Montano,,shannonkoerner@fec.edu.com,1,student123
1703,William Cummings,,brendaking@fec.edu.com,1,student123
1704,David Derr,,williecopeland@fec.edu.com,1,student123
1705,Erwin Favorite,,dennisparker@fec.edu.com,1,student123
1706,Tiffany Morgan,,samuelthurston@fec.edu.com,1,student123
1707,Lillian Henrick,,ronaldkepler@fec.edu.com,1,student123
1708,John Burrows,,jessicafigueroa@fec.edu.com,1,student123
1709,Giuseppe Sheridan,,ritaargabright@fec.edu.com,1,student123
1710,Andrew Burley,,barrybowie@fec.edu.com,1,student123
1711,Robert Brogan,,rickybatey@fec.edu.com,1,student123
1712,Thomas Thomas,,suzannecovello@fec.edu.com,1,student123
1713,Linda Washington,,williamlopez@fec.edu.com,1,student123
1714,Timothy Kingore,,celiadegroot@fec.edu.com,1,student123
1715,Virginia Hammonds,,rosannashields@fec.edu.com,1,student123
1716,John Pollard,,heatherroan@fec.edu.com,1,student123
1717,Nicole Higgins,,joecotrell@fec.edu.com,1,student123
1718,Donald Getter,,jenniferspencer@fec.edu.com,1,student123
1719,Booker Meldrum,,tracyvillanueva@fec.edu.com,1,student123
1720,Manuel Ford,,katherinegirman@fec.edu.com,1,student123
1721,William Daniel,,lukewiren@fec.edu.com,1,student123
1722,Kurtis Desbiens,,kevinlewis@fec.edu.com,1,student123
1723,Mary Pecanty,,alfredferrell@fec.edu.com,1,student123
1724,Roosevelt Rodriquez,,sarahheard@fec.edu.com,1,student123
1725,Santos Reyes,,lindaryan@fec.edu.com,1,student123
1726,Terry Garcia,,bettyfalconio@fec.edu.com,1,student123
1727,Ralph Starke,,williamhightower@fec.edu.com,1,student123
1728,Taunya Hall,,marineronn@fec.edu.com,1,student123
1729,Celia Stack,,corinnewilkins@fec.edu.com,1,student123
1730,Shana Thomas,,barbaraboddie@fec.edu.com,1,student123
1731,Christopher Estes,,markmason@fec.edu.com,1,student123
1732,Shanna Robbins,,paulamarvin@fec.edu.com,1,student123
1733,June Valladares,,karensartain@fec.edu.com,1,student123
1734,Daisy Sanderson,,doloresalexander@fec.edu.com,1,student123
1735,Pansy Peterson,,christopherkanagy@fec.edu.com,1,student123
1736,Eric Prothro,,candacemason@fec.edu.com,1,student123
1737,Odell Bean,,jamesobenshain@fec.edu.com,1,student123
1738,Elizabeth Hinojosa,,waynehernandez@fec.edu.com,1,student123
1739,Verlie Barber,,antoinetteborrego@fec.edu.com,1,student123
1740,Jorge Parm,,ralphpratt@fec.edu.com,1,student123
1741,Betty Easter,,bradparton@fec.edu.com,1,student123
1742,Donald Porter,,juliaortz@fec.edu.com,1,student123
1743,Adam Pundt,,donaldwagner@fec.edu.com,1,student123
1744,Norma Parks,,louisestephenson@fec.edu.com,1,student123
1745,Vincent Lyons,,deborahbennerson@fec.edu.com,1,student123
1746,Ashley Evans,,susanheller@fec.edu.com,1,student123
1747,Ruby Murphy,,stephanwayne@fec.edu.com,1,student123
1748,William Moore,,erikdemme@fec.edu.com,1,student123
1749,Julius Long,,louismirsky@fec.edu.com,1,student123
1750,Jarrod Garwood,,suzannekramer@fec.edu.com,1,student123
1751,Charles Howard,,judithpurifoy@fec.edu.com,1,student123
1752,Mattie Kotas,,francisbaumann@fec.edu.com,1,student123
1753,Keith Pugh,,dorasullivan@fec.edu.com,1,student123
1754,Jonathan Bourgeois,,carlcarr@fec.edu.com,1,student123
1755,Marilyn Trinklein,,ivaclark@fec.edu.com,1,student123
1756,Bill Brown,,daviddelorey@fec.edu.com,1,student123
1757,Micheal Sanders,,peteradams@fec.edu.com,1,student123
1758,Jeffry Barer,,sonjahealey@fec.edu.com,1,student123
1759,Alton Brown,,shawnjordan@fec.edu.com,1,student123
1760,Marc Brodeur,,charlesstreets@fec.edu.com,1,student123
1761,Jose Shearer,,elizabethwallace@fec.edu.com,1,student123
1762,Edward Allen,,waltergoins@fec.edu.com,1,student123
1763,April Polit,,robertbaldwin@fec.edu.com,1,student123
1764,George Davis,,jamalmcdaniel@fec.edu.com,1,student123
1765,Tiffany France,,lawrencelewis@fec.edu.com,1,student123
1766,Jose Campbell,,craigfossey@fec.edu.com,1,student123
1767,Virginia Ryans,,paulbrown@fec.edu.com,1,student123
1768,Crystal Smith,,bonnybacich@fec.edu.com,1,student123
1769,Deborah Western,,hectorjaco@fec.edu.com,1,student123
1770,Heriberto Howze,,adajean@fec.edu.com,1,student123
1771,John Best,,gregorioclough@fec.edu.com,1,student123
1772,Crystal Rodriguez,,wendellharris@fec.edu.com,1,student123
1773,Robert Demma,,bobvollmar@fec.edu.com,1,student123
1774,Christopher Graham,,dorothyjones@fec.edu.com,1,student123
1775,Vickie Hernandez,,leahyost@fec.edu.com,1,student123
1776,Jarvis English,,cassiescoles@fec.edu.com,1,student123
1777,Sam Gonzalez,,royjohnson@fec.edu.com,1,student123
1778,Clifford Powell,,virginianewman@fec.edu.com,1,student123
1779,April Crowder,,mirtamitchell@fec.edu.com,1,student123
1780,Joseph Caruana,,eileenbreeden@fec.edu.com,1,student123
1781,Ma Mcgee,,georgecox@fec.edu.com,1,student123
1782,Christopher Hille,,douglasdavis@fec.edu.com,1,student123
1783,Brian Cook,,nanettejohnson@fec.edu.com,1,student123
1784,Jesse Vessels,,chrislawson@fec.edu.com,1,student123
1785,Michael Fogel,,bettygordon@fec.edu.com,1,student123
1786,Jolie Turner,,lorimeath@fec.edu.com,1,student123
1787,Shelley Vallery,,cherylventura@fec.edu.com,1,student123
1788,Keith Lagatta,,craigwescott@fec.edu.com,1,student123
1789,Ronald Rogers,,donnajones@fec.edu.com,1,student123
1790,Dale Bliss,,jamespoulin@fec.edu.com,1,student123
1791,Antonio Kenney,,nathanielbolden@fec.edu.com,1,student123
1792,Crystal Bordley,,roscoeferguson@fec.edu.com,1,student123
1793,Jeanne Huffstetler,,antonioguzman@fec.edu.com,1,student123
1794,Richard Sitzes,,johnanderson@fec.edu.com,1,student123
1795,Karen Bonilla,,juanharrison@fec.edu.com,1,student123
1796,Candice Forman,,bradbastian@fec.edu.com,1,student123
1797,Rosa Guyton,,maynardsanyaro@fec.edu.com,1,student123
1798,Dorothy Davidson,,sondrasanders@fec.edu.com,1,student123
1799,Thanh Innes,,stevenhall@fec.edu.com,1,student123
1800,Helen Austin,,genapoon@fec.edu.com,1,student123
1801,Jessica Guthrie,,lawrencerooks@fec.edu.com,1,student123
1802,Hope Krogman,,ralphunderwood@fec.edu.com,1,student123
1803,James Khatri,,alfredorobinson@fec.edu.com,1,student123
1804,Marjorie Robarge,,thomasdodson@fec.edu.com,1,student123
1805,Salvatore Mckillop,,larrybentley@fec.edu.com,1,student123
1806,William Bowers,,mariacouch@fec.edu.com,1,student123
1807,Travis Gray,,susanagann@fec.edu.com,1,student123
1808,Kay Sagredo,,venettahunt@fec.edu.com,1,student123
1809,Lloyd Kokesh,,richardborst@fec.edu.com,1,student123
1810,Paul Tippins,,marktejeiro@fec.edu.com,1,student123
1811,Lisa Harvey,,donaldyork@fec.edu.com,1,student123
1812,Joseph Therrien,,christopherbrooks@fec.edu.com,1,student123
1813,Nicholas Martin,,leroyscharmer@fec.edu.com,1,student123
1814,Donald Pritchett,,waynebroadway@fec.edu.com,1,student123
1815,Donald Connor,,charlottestory@fec.edu.com,1,student123
1816,Cynthia Murdock,,cecilekasahara@fec.edu.com,1,student123
1817,Mozelle Brown,,kristicoelho@fec.edu.com,1,student123
1818,Marcus Hairston,,shannonwashington@fec.edu.com,1,student123
1819,Carol Walkup,,williamgroff@fec.edu.com,1,student123
1820,Marie Engleberg,,joseross@fec.edu.com,1,student123
1821,Ruth Kearns,,jacklyntuck@fec.edu.com,1,student123
1822,Lynn Nelson,,alexandriavauters@fec.edu.com,1,student123
1823,Travis Lujan,,edwardbritt@fec.edu.com,1,student123
1824,Shawn Alvarez,,joanpowell@fec.edu.com,1,student123
1825,Sandra Velez,,rebeccapotter@fec.edu.com,1,student123
1826,Kelly Stcharles,,peterjames@fec.edu.com,1,student123
1827,Bertha Collett,,thomashall@fec.edu.com,1,student123
1828,Christopher Jarvis,,kyletowell@fec.edu.com,1,student123
1829,Terri Fish,,dalemccray@fec.edu.com,1,student123
1830,Erin January,,georgegriffin@fec.edu.com,1,student123
1831,Dawn Fontaine,,tyronesetser@fec.edu.com,1,student123
1832,John Dolby,,mariethomas@fec.edu.com,1,student123
1833,Bradley Brown,,andrearandolph@fec.edu.com,1,student123
1834,Iris Miller,,alvinnations@fec.edu.com,1,student123
1835,Christopher Deldonno,,ryandearing@fec.edu.com,1,student123
1836,Tyesha Shull,,susansellers@fec.edu.com,1,student123
1837,George Murphy,,joycelopez@fec.edu.com,1,student123
1838,Dorothy Boucher,,gregorydrumgoole@fec.edu.com,1,student123
1839,Frances Hill,,sandraburger@fec.edu.com,1,student123
1840,John Quinn,,josephmunoz@fec.edu.com,1,student123
1841,Clifton Glaser,,miguelescamilla@fec.edu.com,1,student123
1842,Diane Campbell,,robertglover@fec.edu.com,1,student123
1843,Linda Childress,,shawnmoore@fec.edu.com,1,student123
1844,Angeline Cox,,thomasluna@fec.edu.com,1,student123
1845,Richard Jones,,judsonadams@fec.edu.com,1,student123
1846,Kevin Summitt,,ramonacantrell@fec.edu.com,1,student123
1847,Daniel King,,judithmccoy@fec.edu.com,1,student123
1848,Peggy Vega,,annestine@fec.edu.com,1,student123
1849,Jason Jones,,gregorychandler@fec.edu.com,1,student123
1850,Stephen Heisler,,danielingram@fec.edu.com,1,student123
1851,Santo Allen,,carlspencer@fec.edu.com,1,student123
1852,Emma Mccullough,,shirleypackard@fec.edu.com,1,student123
1853,David Hernandez,,michaelmackey@fec.edu.com,1,student123
1854,Karrie Rollins,,michealramirez@fec.edu.com,1,student123
1855,Roland Mcelhaney,,michellelawrence@fec.edu.com,1,student123
1856,Mary Conley,,kevingriffin@fec.edu.com,1,student123
1857,Alexander Casto,,ronniedorio@fec.edu.com,1,student123
1858,Chelsea Swank,,rebekahbyrd@fec.edu.com,1,student123
1859,David Thayer,,patriciaseals@fec.edu.com,1,student123
1860,Heidi Glover,,stephenbennett@fec.edu.com,1,student123
1861,Mary Liaw,,maryhirt@fec.edu.com,1,student123
1862,Ruth White,,paulsolomon@fec.edu.com,1,student123
1863,Mary Nelson,,carlcharlton@fec.edu.com,1,student123
1864,Gwen Walker,,ericmurray@fec.edu.com,1,student123
1865,Floyd Stein,,beulahwalker@fec.edu.com,1,student123
1866,Erin Stillman,,judithclark@fec.edu.com,1,student123
1867,Sabina Preston,,bobbybradley@fec.edu.com,1,student123
1868,Amy Childers,,maryschmidt@fec.edu.com,1,student123
1869,Dale Swanson,,glendasweigart@fec.edu.com,1,student123
1870,James Taylor,,randywilliams@fec.edu.com,1,student123
1871,Marquerite Rivera,,russellfain@fec.edu.com,1,student123
1872,Melissa Farnsworth,,matthewmcneil@fec.edu.com,1,student123
1873,Kevin Baker,,brandontodd@fec.edu.com,1,student123
1874,Wayne Benitez,,samanthasims@fec.edu.com,1,student123
1875,Raymond Sturges,,shirleylaverdiere@fec.edu.com,1,student123
1876,Teresa Heidler,,amandatalavera@fec.edu.com,1,student123
1877,Evan Whitney,,gregoryflynn@fec.edu.com,1,student123
1878,Pauline Arnold,,rosariomarinelli@fec.edu.com,1,student123
1879,Elizabeth Evitt,,jacquelinebatista@fec.edu.com,1,student123
1880,Ramona Colella,,donaldshaeffer@fec.edu.com,1,student123
1881,Mark Walker,,scottsingh@fec.edu.com,1,student123
1882,Andrew Millington,,jerrybrown@fec.edu.com,1,student123
1883,William Whittington,,barbaramusante@fec.edu.com,1,student123
1884,Marc Louder,,michaeljones@fec.edu.com,1,student123
1885,Henry Becerra,,carriesmith@fec.edu.com,1,student123
1886,Fred Wheeler,,christennewman@fec.edu.com,1,student123
1887,Christopher Garcia,,dianefraley@fec.edu.com,1,student123
1888,Mike Tejada,,jackiecamp@fec.edu.com,1,student123
1889,James Sawyer,,markhann@fec.edu.com,1,student123
1890,John Singleton,,bernardbandy@fec.edu.com,1,student123
1891,Sherry Leger,,christinagarofalo@fec.edu.com,1,student123
1892,Dylan Brown,,dolorescarrier@fec.edu.com,1,student123
1893,Thomas Rivira,,betsybouthillette@fec.edu.com,1,student123
1894,Ross Williams,,georgiannhoover@fec.edu.com,1,student123
1895,Susan Burroughs,,shirleyevan@fec.edu.com,1,student123
1896,Warren Nokes,,winfredrivero@fec.edu.com,1,student123
1897,Pauline Freeman,,emilygonzalez@fec.edu.com,1,student123
1898,Humberto Leyrer,,silviasanders@fec.edu.com,1,student123
1899,Robert Love,,mildredjames@fec.edu.com,1,student123
1900,Scott Kuhn,,sherriestrassburg@fec.edu.com,1,student123
1901,Ellen Moore,,philliplao@fec.edu.com,1,student123
1902,Lashonda Miller,,niaschroyer@fec.edu.com,1,student123
1903,Roberta Jeanlouis,,mariepratt@fec.edu.com,1,student123
1904,Rachel Madewell,,evansoto@fec.edu.com,1,student123
1905,Lori Franco,,lindajanzen@fec.edu.com,1,student123
1906,Leonard Deleon,,annsiefert@fec.edu.com,1,student123
1907,Patricia Ortiz,,mariannefehrenbach@fec.edu.com,1,student123
1908,Jesse Riley,,carlwilson@fec.edu.com,1,student123
1909,Frank Connolly,,susanrobinson@fec.edu.com,1,student123
1910,Gabriel Fleeger,,douglasberg@fec.edu.com,1,student123
1911,Betty Disque,,matthewredd@fec.edu.com,1,student123
1912,Linda Santmyer,,juliuspalmieri@fec.edu.com,1,student123
1913,Kayla England,,marycuchares@fec.edu.com,1,student123
1914,Mary Judkins,,beckyhubbard@fec.edu.com,1,student123
1915,Timothy Klemm,,lucindaweiss@fec.edu.com,1,student123
1916,George Tototzintle,,johnschilk@fec.edu.com,1,student123
1917,Anna Roule,,emmacoachman@fec.edu.com,1,student123
1918,Joseph Navarro,,jeanlozano@fec.edu.com,1,student123
1919,Robert Mcbean,,frankhuie@fec.edu.com,1,student123
1920,Karen Davis,,warrenzimmerman@fec.edu.com,1,student123
1921,Joy Ogilvie,,delbertknapp@fec.edu.com,1,student123
1922,Nathaniel Perry,,paulmistretta@fec.edu.com,1,student123
1923,Alicia Khatri,,vincentputt@fec.edu.com,1,student123
1924,James Digangi,,lauramoore@fec.edu.com,1,student123
1925,Jennifer Taggart,,bettyparker@fec.edu.com,1,student123
1926,Chaya Reasoner,,thomascarroll@fec.edu.com,1,student123
1927,Kyle Scaife,,wanitabunton@fec.edu.com,1,student123
1928,Louis Steed,,saralovell@fec.edu.com,1,student123
1929,Teresa Schubert,,margiejohnson@fec.edu.com,1,student123
1930,Lucas Houser,,maryprice@fec.edu.com,1,student123
1931,Ruby Courtney,,brendakeller@fec.edu.com,1,student123
1932,Jorge Orth,,davidreed@fec.edu.com,1,student123
1933,Bonnie Brown,,amycornelius@fec.edu.com,1,student123
1934,Eric Quezada,,susansolis@fec.edu.com,1,student123
1935,Cheryl Mangum,,michaelblanchard@fec.edu.com,1,student123
1936,Augustus Kelly,,jamescosta@fec.edu.com,1,student123
1937,Jay Spiva,,jeaninesampere@fec.edu.com,1,student123
1938,George Coley,,debrawallace@fec.edu.com,1,student123
1939,Melissa Mcduffie,,marcogaudet@fec.edu.com,1,student123
1940,Mark Jemmott,,dennisshinoda@fec.edu.com,1,student123
1941,Dorothy Holland,,manuelgeorge@fec.edu.com,1,student123
1942,Theresa Karr,,lorimorrison@fec.edu.com,1,student123
1943,Jacob Espada,,jeffadams@fec.edu.com,1,student123
1944,Natalie Pennington,,sandrafults@fec.edu.com,1,student123
1945,Thomas Phillips,,jamesthomson@fec.edu.com,1,student123
1946,Willard Romero,,jeremykelley@fec.edu.com,1,student123
1947,Robert Sutter,,theresamcdevitt@fec.edu.com,1,student123
1948,Barbara Mendes,,davidjackson@fec.edu.com,1,student123
1949,Samantha Hill,,donfair@fec.edu.com,1,student123
1950,Kenneth Price,,brianingram@fec.edu.com,1,student123
1951,Barbara Delbosque,,maryhollingsworth@fec.edu.com,1,student123
1952,Paul Falck,,elizabethlipphardt@fec.edu.com,1,student123
1953,Brent Hagerman,,irenegreen@fec.edu.com,1,student123
1954,Melanie Davis,,lindacollins@fec.edu.com,1,student123
1955,Anthony Tachauer,,josephmurphy@fec.edu.com,1,student123
1956,Gina Casey,,isaiasshanley@fec.edu.com,1,student123
1957,Kathleen Quinn,,harryanthony@fec.edu.com,1,student123
1958,Kevin Anderson,,jeffreyzupancic@fec.edu.com,1,student123
1959,Ora Konowal,,georgestrickland@fec.edu.com,1,student123
1960,Diana Dickinson,,gladysstein@fec.edu.com,1,student123
1961,John Guerra,,travisemery@fec.edu.com,1,student123
1962,Floyd Matthews,,karinapurvis@fec.edu.com,1,student123
1963,Kelly Smith,,richardpotter@fec.edu.com,1,student123
1964,Douglas Brunson,,michaelabraham@fec.edu.com,1,student123
1965,Bernard Stein,,dorothylynch@fec.edu.com,1,student123
1966,Yolanda Price,,tracymcphee@fec.edu.com,1,student123
1967,Christopher Wilson,,jeffreybecher@fec.edu.com,1,student123
1968,Joy Jones,,amberherbst@fec.edu.com,1,student123
1969,Luis Covington,,johnjones@fec.edu.com,1,student123
1970,Mark Faucher,,lauradeal@fec.edu.com,1,student123
1971,Kevin Taylor,,kathyschlarbaum@fec.edu.com,1,student123
1972,Travis Gracey,,shirleylarson@fec.edu.com,1,student123
1973,Glenn Abela,,kylehunter@fec.edu.com,1,student123
1974,Henry Halverson,,edwardwood@fec.edu.com,1,student123
1975,Helen Carter,,kimberlidominguez@fec.edu.com,1,student123
1976,Kendra Odum,,justinanderson@fec.edu.com,1,student123
1977,Ricardo Lugo,,warrenoneal@fec.edu.com,1,student123
1978,Florence Pendley,,janeentopping@fec.edu.com,1,student123
1979,Clarence Lora,,annwade@fec.edu.com,1,student123
1980,Ronda Mashaw,,nathandenney@fec.edu.com,1,student123
1981,Sidney Lambdin,,toddsalvatierra@fec.edu.com,1,student123
1982,Charles Shelton,,pamelaelmore@fec.edu.com,1,student123
1983,Sophie Mcnutt,,beatricetrue@fec.edu.com,1,student123
1984,Marvin Morin,,henrybrady@fec.edu.com,1,student123
1985,Zulema Montgomery,,edwardmiller@fec.edu.com,1,student123
1986,Robert Macfarlane,,davidperez@fec.edu.com,1,student123
1987,Bessie Pippins,,dawnwatson@fec.edu.com,1,student123
1988,Rosanne Edelstein,,timothypearson@fec.edu.com,1,student123
1989,Sophia Sutton,,sandrawright@fec.edu.com,1,student123
1990,Linda Malone,,irisweller@fec.edu.com,1,student123
1991,Kimberly Hodges,,marycoleman@fec.edu.com,1,student123
1992,Mia Peeples,,mariahanson@fec.edu.com,1,student123
1993,Sandra Jarosz,,andrewdamato@fec.edu.com,1,student123
1994,Carolyn Digiacomo,,sherrywelling@fec.edu.com,1,student123
1995,Ben Krier,,alvinwebre@fec.edu.com,1,student123
1996,Irene Paul,,lonniesullivan@fec.edu.com,1,student123
1997,Mark Kerber,,bettywhorley@fec.edu.com,1,student123
1998,Aaron Bell,,teribarnes@fec.edu.com,1,student123
1999,Willard Gonzalez,,meagangoldstein@fec.edu.com,1,student123
2000,Robert Hanner,,keithmiles@fec.edu.com,1,student123
2001,Dian Cherenfant,,annnumbers@fec.edu.com,1,student123
